name,start_stop,end_stop
Alex Jones,Station Q,Station N
Sarah Rodriguez,Station Centraal R,Station J
David Johnson,Station J,Station V
Laura Rodriguez,Station D,Station G
John Smith,Station E,Station T
Sarah Johnson,Station B,Station Centraal P
Emily Johnson,Station T,Station Centraal A
Jane Rodriguez,Station E,Station Centraal H
John Rodriguez,Station D,Station J
John Miller,Station U,Station T
Alex Rodriguez,Station Centraal A,Station C
Jane Rodriguez,Station Centraal P,Station Centraal F
Laura Johnson,Station U,Station Q
David Miller,Station D,Station Centraal R
Jane Brown,Station Centraal R,Station V
Chris Smith,Station Centraal S,Station W
Laura Jones,Station V,Station C
Jane Martinez,Station Centraal Z,Station Centraal K
Chris Jones,Station E,Station J
David Rodriguez,Station Q,Station Centraal A
Laura Rodriguez,Station Centraal R,Station Centraal H
David Garcia,Station B,Station M
Sarah Smith,Station W,Station Centraal F
Alex Martinez,Station L,Station G
John Smith,Station Centraal F,Station E
David Davis,Station Centraal R,Station B
Sarah Johnson,Station Centraal X,Station Centraal S
David Davis,Station Centraal Z,Station C
Alex Williams,Station G,Station Centraal O
Jane Rodriguez,Station Centraal P,Station Centraal F
Jane Martinez,Station M,Station J
Sarah Garcia,Station Centraal H,Station Centraal A
Alex Smith,Station Centraal K,Station T
Michael Rodriguez,Station T,Station Centraal P
Alex Brown,Station T,Station Centraal P
David Rodriguez,Station Centraal S,Station C
Emily Johnson,Station Centraal K,Station N
Emily Davis,Station T,Station Centraal Z
Sarah Garcia,Station U,Station G
Laura Garcia,Station Q,Station Centraal Z
Alex Davis,Station Centraal X,Station J
John Brown,Station Centraal Z,Station W
Chris Garcia,Station Centraal S,Station Centraal H
Michael Williams,Station I,Station Centraal P
Alex Garcia,Station Centraal F,Station W
Laura Miller,Station T,Station Centraal H
Jane Smith,Station G,Station Centraal R
Chris Rodriguez,Station I,Station G
Chris Williams,Station J,Station D
Laura Smith,Station Centraal O,Station Y
John Miller,Station U,Station Centraal F
Jane Davis,Station L,Station D
Laura Brown,Station Centraal S,Station E
David Brown,Station E,Station Q
Michael Smith,Station Centraal P,Station Centraal O
Michael Garcia,Station Centraal K,Station C
Michael Garcia,Station Centraal K,Station U
Laura Jones,Station M,Station B
David Jones,Station Centraal K,Station Centraal S
Michael Davis,Station C,Station Q
Laura Johnson,Station V,Station E
Sarah Garcia,Station J,Station M
Jane Martinez,Station Q,Station Centraal F
Sarah Williams,Station M,Station U
Alex Miller,Station Centraal K,Station I
John Miller,Station Centraal F,Station D
David Rodriguez,Station Q,Station I
Katie Garcia,Station Centraal O,Station Centraal R
David Davis,Station T,Station Y
Jane Miller,Station Centraal S,Station Y
Katie Williams,Station T,Station C
Chris Garcia,Station B,Station V
Michael Brown,Station M,Station Centraal O
Katie Jones,Station Centraal X,Station Centraal Z
Emily Williams,Station C,Station Centraal O
Emily Davis,Station Centraal H,Station B
John Garcia,Station Centraal S,Station E
John Davis,Station U,Station Centraal P
David Martinez,Station G,Station U
Chris Garcia,Station Centraal R,Station Centraal A
John Miller,Station Centraal F,Station Centraal K
Sarah Martinez,Station Centraal H,Station C
Emily Williams,Station Centraal K,Station M
Katie Rodriguez,Station Q,Station L
Sarah Rodriguez,Station C,Station U
Katie Williams,Station V,Station D
Sarah Rodriguez,Station E,Station Centraal R
Sarah Brown,Station V,Station T
Alex Martinez,Station Centraal H,Station Centraal K
John Garcia,Station Centraal P,Station L
Sarah Brown,Station Centraal K,Station C
Chris Williams,Station D,Station T
John Brown,Station Centraal F,Station G
John Smith,Station E,Station N
Chris Rodriguez,Station J,Station Centraal K
Michael Davis,Station Centraal K,Station Centraal S
Michael Martinez,Station U,Station Centraal K
David Williams,Station Centraal R,Station Centraal K
Chris Martinez,Station I,Station T
Alex Rodriguez,Station D,Station Centraal O
